globalId,operational_carbon,embodied_carbon_a1a3,energy_intensity,category,storey
2O2Fr$t4X7Zf8NOew3FNtn,372.0,615.5,83.6,Wall,Level 1
2O2Fr$t4X7Zf8NOew3FNqI,332.0,690.0,79.2,Wall,Level 1
2O2Fr$t4X7Zf8NOew3FNr2,310.8,887.5,63.9,Wall,Level 1
2O2Fr$t4X7Zf8NOew3FNhv,368.6,1037.8,55.5,Wall,Level 1
2O2Fr$t4X7Zf8NOew3FNld,354.2,768.3,49.4,Wall,Level 1
2O2Fr$t4X7Zf8NOew3FNau,360.8,664.2,45.4,Wall,Level 1
2O2Fr$t4X7Zf8NOew3FNbT,328.6,694.1,51.1,Wall,Level 1
2O2Fr$t4X7Zf8NOew3FKRi,330.8,741.0,65.1,Wall,Level 1
2O2Fr$t4X7Zf8NOew3FKRH,297.5,764.9,64.8,Wall,Level 1
2O2Fr$t4X7Zf8NOew3FKST,310.8,874.4,63.9,Wall,Level 1
2O2Fr$t4X7Zf8NOew3FKIu,333.1,1042.6,86.2,Wall,Level 1
2O2Fr$t4X7Zf8NOew3FKGS,297.5,842.1,64.8,Wall,Level 1
2O2Fr$t4X7Zf8NOew3FK80,247.5,850.5,82.3,Wall,T/FDN
2O2Fr$t4X7Zf8NOew3FK9N,278.6,1029.6,69.6,Wall,T/FDN
2O2Fr$t4X7Zf8NOew3FKEr,326.4,844.6,83.1,Wall,T/FDN
2O2Fr$t4X7Zf8NOew3FKE5,265.3,576.8,70.5,Wall,T/FDN
2O2Fr$t4X7Zf8NOew3FK3E,263.1,654.4,56.5,Wall,T/FDN
2O2Fr$t4X7Zf8NOew3FK04,243.1,618.2,54.3,Wall,T/FDN
2O2Fr$t4X7Zf8NOew3FK1b,290.8,624.4,61.7,Wall,T/FDN
2O2Fr$t4X7Zf8NOew3FK4F,204.3,2933.1,65.5,Floor,Level 1
2O2Fr$t4X7Zf8NOew3FKcz,303.2,2182.5,68.5,Floor,Level 1
2O2Fr$t4X7Zf8NOew3FKau,357.5,999.6,70.4,Wall,Level 2
2O2Fr$t4X7Zf8NOew3FLQD,293.1,642.9,82.8,Wall,Level 2
2O2Fr$t4X7Zf8NOew3FLR9,283.1,706.6,58.7,Wall,Level 2
2O2Fr$t4X7Zf8NOew3FLOH,295.3,700.1,50.8,Wall,Level 2
2O2Fr$t4X7Zf8NOew3FLPP,304.2,996.8,67.9,Wall,Level 2
2O2Fr$t4X7Zf8NOew3FLTF,298.6,803.7,71.8,Wall,Level 1
2O2Fr$t4X7Zf8NOew3FLIE,286.4,951.9,79.7,Wall,Level 2
2O2Fr$t4X7Zf8NOew3FLJd,318.6,660.2,73.0,Wall,Level 2
2O2Fr$t4X7Zf8NOew3FLMr,335.3,624.7,54.2,Wall,Level 2
2O2Fr$t4X7Zf8NOew3FLKI,292.0,678.1,75.8,Wall,Level 2
2O2Fr$t4X7Zf8NOew3FL8v,318.6,827.4,73.0,Wall,Level 1
2O2Fr$t4X7Zf8NOew3FL9r,315.3,785.7,52.0,Wall,Level 2
2O2Fr$t4X7Zf8NOew3FL96,255.3,844.6,46.4,Wall,Level 2
2O2Fr$t4X7Zf8NOew3FLEJ,287.5,915.6,86.7,Wall,Level 2
2O2Fr$t4X7Zf8NOew3FLCm,320.8,832.6,87.0,Wall,Level 2
1hOSvn6df7F8_7GcBWlRqU,211.1,2277.2,47.4,Floor,Level 2
1hOSvn6df7F8_7GcBWlRrM,204.4,3003.1,44.3,Floor,Level 2
1hOSvn6df7F8_7GcBWlR72,15.8,199.6,26.4,Window,Level 1
1hOSvn6df7F8_7GcBWlRBU,15.4,190.7,10.9,Window,Level 1
1hOSvn6df7F8_7GcBWlRGQ,59.5,110.6,25.9,Other,Level 1
1hOSvn6df7F8_7GcBWlRH8,146.1,91.6,43.7,Other,Level 1
1hOSvn6df7F8_7GcBWlRLx,60.9,179.6,13.3,Window,Level 1
1hOSvn6df7F8_7GcBWlRRL,22.1,169.0,33.0,Window,Level 1
1hOSvn6df7F8_7GcBWlSXO,32.1,143.3,25.1,Window,Level 2
1hOSvn6df7F8_7GcBWlSga,19.4,123.8,22.4,Window,Level 2
1hOSvn6df7F8_7GcBWlSp1,26.5,162.6,35.0,Window,Level 2
1hOSvn6df7F8_7GcBWlSnC,42.1,128.1,17.2,Window,Level 2
1hOSvn6df7F8_7GcBWlS_W,47.6,145.6,26.2,Window,Level 2
1hOSvn6df7F8_7GcBWlS2V,47.0,154.8,16.8,Window,Level 2
1hOSvn6df7F8_7GcBWlS1M,37.0,144.7,24.7,Window,Level 2
1hOSvn6df7F8_7GcBWlS4Q,44.7,161.7,21.7,Window,Level 2
1hOSvn6df7F8_7GcBWlS8Z,54.0,88.7,21.9,Other,Level 1
1hOSvn6df7F8_7GcBWlS9F,146.1,104.7,43.7,Other,Level 1
1hOSvn6df7F8_7GcBWlSFK,53.9,109.3,45.8,Other,Level 2
1hOSvn6df7F8_7GcBWlSDm,85.1,94.1,21.2,Other,Level 2
1oKjKg9PD3fP1iIwXLh3lK,168.5,243.6,45.0,Stair,Level 1
1gtrSK5QnDuxDwygd0EDGO,96.5,130.1,45.3,Stair,Level 1
34qUFGjJzFKwVWpXe2dTPt,174.2,97.8,40.1,Stair,Level 1
0wkEuT1wr1kOyafLY4v_O1,100.9,778.3,21.3,Stair,Level 1
0wkEuT1wr1kOyafLY4v_PL,49.7,68.4,22.6,Railing,Level 1
0wkEuT1wr1kOyafLY4v_PH,45.3,59.2,9.6,Railing,Level 1
0wkEuT1wr1kOyafLY4vyu$,16.0,42.7,15.9,Door,Level 2
0wkEuT1wr1kOyafLY4vy_8,14.8,39.9,17.8,Door,Level 2
0wkEuT1wr1kOyafLY4vy3H,17.0,56.4,13.6,Door,Level 2
0wkEuT1wr1kOyafLY4vy3G,16.9,32.9,6.5,Door,Level 2
0wkEuT1wr1kOyafLY4vy4m,24.8,43.9,7.9,Door,Level 2
0wkEuT1wr1kOyafLY4vy4F,16.9,52.6,6.5,Door,Level 2
0wkEuT1wr1kOyafLY4vy6l,25.9,42.2,14.9,Door,Level 2
0wkEuT1wr1kOyafLY4vy6k,24.8,43.3,7.9,Door,Level 2
0wkEuT1wr1kOyafLY4vyMO,19.3,32.3,20.9,Door,Level 1
0wkEuT1wr1kOyafLY4vyOn,21.6,47.8,11.2,Door,Level 1
2OBrcmyk58NupXoVOHUuXp,41.9,75.4,27.9,Other,Level 2
2OBrcmyk58NupXoVOHUvVV,125.2,98.3,24.7,Other,Level 2
2OBrcmyk58NupXoVOHUvR4,87.4,117.5,37.3,Other,Level 2
2OBrcmyk58NupXoVOHUvPL,109.6,85.9,36.5,Other,Level 2
2OBrcmyk58NupXoVOHUvGQ,40.2,35.6,5.5,Door,Level 1
2OBrcmyk58NupXoVOHUvH8,16.8,43.7,13.2,Door,Level 1
2OBrcmyk58NupXoVOHUv88,65.2,49.9,38.1,Other,Level 1
2OBrcmyk58NupXoVOHUv3h,108.5,46.9,29.5,Other,Level 1
2OBrcmyk58NupXoVOHUvup,24.9,56.9,16.2,Door,Level 1
2OBrcmyk58NupXoVOHUvuo,70.8,43.1,44.2,Other,Level 1
2OBrcmyk58NupXoVOHUvs2,22.5,31.8,16.6,Door,Level 1
2OBrcmyk58NupXoVOHUvsm,19.4,36.4,13.2,Door,Level 1
2OBrcmyk58NupXoVOHUvtA,38.1,50.7,16.8,Door,Level 1
2OBrcmyk58NupXoVOHUvqp,20.5,36.8,20.2,Door,Level 1
2OBrcmyk58NupXoVOHUvqo,19.4,45.9,13.2,Door,Level 1
2OBrcmyk58NupXoVOHUvqz,30.5,32.6,10.3,Door,Level 1
2OBrcmyk58NupXoVOHUvqy,29.4,32.3,19.3,Door,Level 1
2OBrcmyk58NupXoVOHUvq$,102.9,41.5,18.4,Other,Level 1
2OBrcmyk58NupXoVOHUvq_,50.8,38.7,28.0,Other,Level 1
2OBrcmyk58NupXoVOHUvqu,25.0,35.4,7.3,Door,Level 1
2OBrcmyk58NupXoVOHUvqx,75.3,45.6,17.3,Other,Level 1
2OBrcmyk58NupXoVOHUvqw,27.2,51.9,5.3,Door,Level 1
2OBrcmyk58NupXoVOHUvr5,24.7,40.3,14.6,Door,Level 1
2OBrcmyk58NupXoVOHUvr4,23.6,49.4,7.6,Door,Level 1
2OBrcmyk58NupXoVOHUshs,58.6,35.6,22.1,Other,Level 1
2OBrcmyk58NupXoVOHUsc7,104.1,35.2,32.5,Other,Level 1
2OBrcmyk58NupXoVOHUsab,145.2,47.1,40.9,Other,Level 1
2OBrcmyk58NupXoVOHUsbY,137.4,46.4,15.8,Other,Level 1
2OBrcmyk58NupXoVOHUtVQ,118.5,31.5,37.6,Other,Level 1
2OBrcmyk58NupXoVOHUtOy,40.8,43.4,20.9,Other,Level 1
2OBrcmyk58NupXoVOHUtO$,66.3,58.3,45.1,Other,Level 1
2OBrcmyk58NupXoVOHUtO_,125.2,51.9,24.7,Other,Level 1
2OBrcmyk58NupXoVOHUtOv,148.5,41.4,30.9,Other,Level 1
2OBrcmyk58NupXoVOHUtOu,147.4,47.0,23.9,Other,Level 1
2OBrcmyk58NupXoVOHUtM4,80.7,48.1,19.2,Other,Level 2
2OBrcmyk58NupXoVOHUtI8,80.7,39.5,19.2,Other,Level 2
2OBrcmyk58NupXoVOHUtHN,101.8,35.9,42.4,Other,Level 2
2OBrcmyk58NupXoVOHUtEr,134.1,54.3,25.8,Other,Level 2
2OBrcmyk58NupXoVOHUtC0,283.3,2563.3,45.1,Floor,Level 2
2OBrcmyk58NupXoVOHUtDX,324.4,2143.3,56.5,Floor,Level 2
2OBrcmyk58NupXoVOHUtBP,314.4,1896.2,78.4,Floor,Level 2
2OBrcmyk58NupXoVOHUt8F,294.4,1748.3,76.2,Floor,Level 2
2OBrcmyk58NupXoVOHUt8s,339.9,2202.9,69.6,Floor,Level 2
2OBrcmyk58NupXoVOHUt5W,308.8,1973.6,82.3,Floor,Level 2
2OBrcmyk58NupXoVOHUt2f,320.0,2478.6,74.5,Floor,Level 2
2OBrcmyk58NupXoVOHUt0F,286.6,1950.5,66.1,Floor,Level 2
2OBrcmyk58NupXoVOHUtxr,221.2,2905.0,50.3,Floor,Level 1
2OBrcmyk58NupXoVOHUtoa,195.6,2766.9,52.0,Floor,Level 1
2OBrcmyk58NupXoVOHUtjR,356.6,1915.6,50.8,Floor,Level 1
2OBrcmyk58NupXoVOHUtju,210.1,2729.9,65.2,Floor,Level 1
2OBrcmyk58NupXoVOHUtgP,351.1,2662.7,61.8,Floor,Level 1
2OBrcmyk58NupXoVOHUten,198.9,2460.9,73.0,Floor,Level 1
1s1jVhK8z0pgKYcr9jt781,105.1,95.4,37.4,Other,Level 1
1s1jVhK8z0pgKYcr9jt7AB,131.7,68.5,33.6,Other,Level 1
1l0GAJtRTFv8$zmKJOH4$e,56.7,152.7,33.9,Window,Level 2
1l0GAJtRTFv8$zmKJOH4u1,39.6,116.3,28.2,Window,Level 2
1l0GAJtRTFv8$zmKJOH4qs,55.8,163.8,20.8,Window,Level 2
1l0GAJtRTFv8$zmKJOH4oq,51.4,150.2,18.8,Window,Level 2
1l0GAJtRTFv8$zmKJOH4pU,24.7,183.7,11.5,Window,Level 2
1l0GAJtRTFv8$zmKJOH4kJ,54.1,179.6,29.4,Window,Level 2
1l0GAJtRTFv8$zmKJOH4gQ,57.4,162.8,24.4,Window,Level 2
1l0GAJtRTFv8$zmKJOH4hv,49.2,126.7,30.8,Window,Level 2
1l0GAJtRTFv8$zmKJOH4aS,53.0,186.4,22.4,Window,Level 2
1l0GAJtRTFv8$zmKJOH4ZZ,53.0,131.0,22.4,Window,Level 2
0jf0rYHfX3RAB3bSIRjmxl,251.3,,73.6,Roof,Roof
3ThA22djr8AQQ9eQMA5s7I,223.4,1838.5,62.8,Roof,Roof
0jf0rYHfX3RAB3bSIRjmmy,276.5,1004.2,82.6,Wall,Roof
0jf0rYHfX3RAB3bSIRjmpw,277.6,965.4,89.6,Wall,Roof
0jf0rYHfX3RAB3bSIRjmoa,254.3,673.1,66.4,Wall,Roof
0jf0rYHfX3RAB3bSIRjmr1,410.8,958.6,73.9,Wall,Roof
1Eo2$BaHX42AEkDvQQDocD,34.5,197.8,35.7,Window,Roof
1Eo2$BaHX42AEkDvQQDoy2,38.9,183.4,11.7,Window,Roof
0kF45Qs8L9PAM9kmb1lT5d,314.2,801.1,45.0,Wall,T/FDN
0kF45Qs8L9PAM9kmb1lT5l,322.0,973.8,55.1,Wall,T/FDN
0kF45Qs8L9PAM9kmb1lT5t,330.8,1132.7,65.1,Wall,T/FDN
0kF45Qs8L9PAM9kmb1lT5$,250.8,1204.9,57.3,Wall,T/FDN
0kF45Qs8L9PAM9kmb1lT2B,277.5,760.2,62.6,Wall,T/FDN
0kF45Qs8L9PAM9kmb1lT2N,289.7,946.6,54.7,Wall,T/FDN
0kF45Qs8L9PAM9kmb1lT2Z,301.9,743.5,46.8,Wall,T/FDN
3bXiCStxP6Fgxdej$yc5T8,30.1,77.2,28.1,Finish,Level 1
3bXiCStxP6Fgxdej$yc503,80.0,54.2,27.7,Finish,Level 1
3bXiCStxP6Fgxdej$yc50B,95.5,56.6,28.8,Finish,Level 1
3bXiCStxP6Fgxdej$yc50U,114.4,65.7,31.0,Finish,Level 1
3bXiCStxP6Fgxdej$yc50n,48.9,78.9,24.2,Finish,Level 1
3bXiCStxP6Fgxdej$yc52o,51.2,58.5,19.3,Finish,Level 2
3bXiCStxP6Fgxdej$yc554,86.6,56.7,17.7,Finish,Level 2
3bXiCStxP6Fgxdej$yc55E,103.3,61.9,32.9,Finish,Level 2
3bXiCStxP6Fgxdej$yc55M,111.1,48.3,36.0,Finish,Level 2
3bXiCStxP6Fgxdej$yc55U,119.9,82.3,40.0,Finish,Level 2
3bXiCStxP6Fgxdej$yc55c,42.3,46.4,34.2,Finish,Level 2
3bXiCStxP6Fgxdej$yc55k,50.1,49.2,38.3,Finish,Level 2
3bXiCStxP6Fgxdej$yc55m,52.3,59.5,26.3,Finish,Level 2
0iEHWY1$XA8eQeeULq4jZ1,331.9,934.7,72.1,Wall,Level 1
0iEHWY1$XA8eQeeULq4j_U,372.0,661.6,83.6,Wall,Level 1
0iEHWY1$XA8eQeeULq4jpl,412.0,796.6,87.0,Wall,Level 1
0iEHWY1$XA8eQeeULq4jDb,358.6,709.1,77.4,Wall,Level 1
0iEHWY1$XA8eQeeULq4jE6,315.3,789.9,52.0,Wall,Level 1
0iEHWY1$XA8eQeeULq4j7w,366.4,33.9,87.5,Wall,Level 1
0iEHWY1$XA8eQeeULq4jOM,348.6,38.8,53.3,Wall,Level 1
0iEHWY1$XA8eQeeULq4jQJ,347.5,52.9,46.3,Wall,Level 1
0iEHWY1$XA8eQeeULq4jTB,342.0,49.2,57.3,Wall,Level 1
0iEHWY1$XA8eQeeULq4jJA,331.9,32.3,72.1,Wall,Level 1
0iEHWY1$XA8eQeeULq4jKO,346.4,52.0,85.3,Wall,Level 1
0iEHWY1$XA8eQeeULq4jMl,377.5,42.3,72.6,Wall,Level 1
0iEHWY1$XA8eQeeULq4ien,402.0,43.1,63.9,Wall,Level 1
0dxE1Sy6nDqfpDb5vIMNiA,295.4,888.8,77.8,Wall,Level 2
0dxE1Sy6nDqfpDb5vIMN_Z,310.9,875.1,90.9,Wall,Level 2
3KMJUyUe9DfQ2FOCd5ZoiN,143.0,282.6,26.8,Stair,Level 1
01KzA4SPn5IOODwLEb5RNY,164.0,128.7,38.0,Stair,Level 1
37Fy90kSD2PvviizyM7EKl,125.3,132.6,35.6,Stair,Level 1
21ldoMpbP4VfsJ0XGY_34d,171.8,601.1,40.0,Stair,Level 1
21ldoMpbP4VfsJ0XGY_34P,23.8,51.5,14.8,Railing,Level 1
21ldoMpbP4VfsJ0XGY_335,46.0,77.3,13.6,Railing,Level 1
1aj$VJZFn2TxepZUBcKpvt,357.6,718.0,51.4,Wall,Level 2
1aj$VJZFn2TxepZUBcKp$i,117.3,83.4,28.5,Other,Level 2
1aj$VJZFn2TxepZUBcKpZw,332.1,578.2,60.2,Wall,Level 2
1aj$VJZFn2TxepZUBcKpac,61.8,122.7,41.0,Other,Level 2
1aj$VJZFn2TxepZUBcKpee,325.4,1036.5,57.1,Wall,Level 1
1aj$VJZFn2TxepZUBcKphf,329.8,764.9,85.1,Wall,Level 1
2gRXFgjRn2HPE$YoDLX0mp,14.2,47.7,11.0,Door,Level 2
2gRXFgjRn2HPE$YoDLX0q2,18.4,47.1,5.4,Door,Level 2
2gRXFgjRn2HPE$YoDLX0rb,36.3,39.8,12.9,Door,Level 2
2gRXFgjRn2HPE$YoDLX0ra,35.2,39.0,5.9,Door,Level 2
2gRXFgjRn2HPE$YoDLX0vP,22.9,35.6,10.7,Door,Level 1
2kvhekJrnDjRw0CDkKW$UD,54.1,46.0,23.0,Other,Level 2
2kvhekJrnDjRw0CDkKW$JW,62.9,41.0,17.0,Other,Level 2
2kvhekJrnDjRw0CDkKW$KL,52.9,41.3,40.9,Other,Level 2
2kvhekJrnDjRw0CDkKW$fQ,84.1,37.1,16.3,Other,Level 2
2OrWItJ6zAwBNp0OUxK_l8,139.5,277.6,27.7,Other,Level 1
2OrWItJ6zAwBNp0OUxK$8W,59.5,243.1,25.9,Other,Level 1
2OrWItJ6zAwBNp0OUxK$Bq,95.1,222.1,29.3,Other,Level 2
2OrWItJ6zAwBNp0OUxK$CR,65.1,311.7,36.0,Other,Level 2
2OrWItJ6zAwBNp0OUxK$Dv,102.8,286.5,16.3,Other,Level 1
2OrWItJ6zAwBNp0OUxK$Du,101.7,361.2,40.3,Other,Level 1
2OrWItJ6zAwBNp0OUxK$Dx,104.0,323.0,30.4,Other,Level 2
2OrWItJ6zAwBNp0OUxK$Dw,103.9,355.2,23.3,Other,Level 2
1CZILmCaHETO8tf3SgGEWh,325.4,3069.5,84.7,Floor,Level 1
1CZILmCaHETO8tf3SgGEXu,339.8,1684.3,44.8,Floor,Level 1
3Y4YRln2r91vflHcHE5IVS,398.6,942.8,81.8,Wall,Level 2
3Y4YRln2r91vflHcHE5IVT,399.7,588.9,88.8,Wall,Level 2
3Y4YRln2r91vflHcHE5IVI,388.6,934.3,57.7,Wall,Level 2
3Y4YRln2r91vflHcHE5IVJ,389.7,874.5,64.7,Wall,Level 2
3Y4YRln2r91vflHcHE5ITp,224.3,1010.4,86.1,Wall,Level 2
3Y4YRln2r91vflHcHE5ITm,221.0,912.3,65.1,Wall,Level 2
3Y4YRln2r91vflHcHE5ITn,222.1,976.9,72.1,Wall,Level 2
3Y4YRln2r91vflHcHE5ITs,227.6,770.3,61.1,Wall,Level 2
